signer_id,split
signer_001,train
signer_002,train
signer_003,train
signer_004,train
signer_005,train
signer_006,train
signer_007,train
signer_008,train
signer_009,train
signer_010,train
signer_011,train
signer_012,train
signer_013,train
signer_014,train
signer_015,train
signer_016,train
signer_017,train
signer_018,train
signer_019,train
signer_020,train
signer_021,train
signer_022,train
signer_023,train
signer_024,train
signer_025,train
signer_026,train
signer_027,train
signer_028,train
signer_029,train
signer_030,train
signer_031,train
signer_032,train
signer_033,train
signer_034,train
signer_035,train
signer_036,train
signer_037,train
signer_038,train
signer_039,train
signer_040,train
signer_041,train
signer_042,train
signer_043,train
signer_044,train
signer_045,train
signer_046,train
signer_047,train
signer_048,train
signer_049,train
signer_050,train
signer_051,train
signer_052,train
signer_053,train
signer_054,train
signer_055,train
signer_056,train
signer_057,train
signer_058,train
signer_059,train
signer_060,train
signer_061,train
signer_062,train
signer_063,train
signer_064,train
signer_065,train
signer_066,train
signer_067,train
signer_068,train
signer_069,train
signer_070,train
signer_071,train
signer_072,train
signer_073,train
signer_074,train
signer_075,train
signer_076,train
signer_077,train
signer_078,train
signer_079,train
signer_080,train
signer_081,train
signer_082,train
signer_083,train
signer_084,train
signer_085,train
signer_086,train
signer_087,train
signer_088,train
signer_089,train
signer_090,train
signer_091,train
signer_092,train
signer_093,train
signer_094,train
signer_095,train
signer_096,train
signer_097,train
signer_098,train
signer_099,train
signer_100,train
signer_101,train
signer_102,train
signer_103,train
signer_104,train
signer_105,train
signer_106,train
signer_107,train
signer_108,train
signer_109,train
signer_110,train
signer_111,train
signer_112,train
signer_113,train
signer_114,train
signer_115,train
signer_116,train
signer_117,train
signer_118,train
signer_119,train
signer_120,train
signer_121,train
signer_122,train
signer_123,train
signer_124,train
signer_125,train
signer_126,train
signer_127,train
signer_128,train
signer_129,train
signer_130,train
signer_131,train
signer_132,train
signer_133,train
signer_134,train
signer_135,train
signer_136,train
signer_137,train
signer_138,train
signer_139,train
signer_140,train
signer_141,train
signer_142,train
signer_143,train
signer_144,train
signer_145,train
signer_146,train
signer_147,train
signer_148,train
signer_149,train
signer_150,train
signer_151,train
signer_152,train
signer_153,train
signer_154,train
signer_155,train
signer_156,train
signer_157,train
signer_158,train
signer_159,train
signer_160,train
signer_161,train
signer_162,train
signer_163,train
signer_164,train
signer_165,train
signer_166,train
signer_167,train
signer_168,train
signer_169,train
signer_170,train
signer_171,train
signer_172,train
signer_173,train
signer_174,train
signer_175,train
signer_176,train
signer_177,train
signer_178,train
signer_179,train
signer_180,train
signer_181,train
signer_182,train
signer_183,train
signer_184,train
signer_185,train
signer_186,train
signer_187,train
signer_188,train
signer_189,train
signer_190,train
signer_191,train
signer_192,train
signer_193,train
signer_194,train
signer_195,train
signer_196,train
signer_197,train
signer_198,train
signer_199,train
signer_200,train
signer_201,train
signer_202,train
signer_203,train
signer_204,train
signer_205,train
signer_206,train
signer_207,train
signer_208,train
signer_209,train
signer_210,train
signer_211,train
signer_212,train
signer_213,train
signer_214,train
signer_215,train
signer_216,train
signer_217,train
signer_218,train
signer_219,train
signer_220,train
signer_221,train
signer_222,train
signer_223,train
signer_224,train
signer_225,train
signer_226,train
signer_227,train
signer_228,train
signer_229,train
signer_230,train
signer_231,train
signer_232,train
signer_233,train
signer_234,train
signer_235,train
signer_236,train
signer_237,train
signer_238,train
signer_239,train
signer_240,train
signer_241,train
signer_242,train
signer_243,train
signer_244,train
signer_245,train
signer_246,train
signer_247,train
signer_248,train
signer_249,train
signer_250,train
signer_251,train
signer_252,train
signer_253,train
signer_254,train
signer_255,train
signer_256,train
signer_257,train
signer_258,train
signer_259,train
signer_260,train
signer_261,train
signer_262,train
signer_263,train
signer_264,train
signer_265,train
signer_266,train
signer_267,train
signer_268,train
signer_269,train
signer_270,train
signer_271,train
signer_272,train
signer_273,train
signer_274,train
signer_275,train
signer_276,train
signer_277,train
signer_278,train
signer_279,train
signer_280,train
signer_281,train
signer_282,train
signer_283,train
signer_284,train
signer_285,train
signer_286,train
signer_287,train
signer_288,train
signer_289,train
signer_290,train
signer_291,train
signer_292,train
signer_293,train
signer_294,train
signer_295,train
signer_296,train
signer_297,train
signer_298,train
signer_299,train
signer_300,train
signer_301,train
signer_302,train
signer_303,train
signer_304,train
signer_305,train
signer_306,train
signer_307,train
signer_308,train
signer_309,train
signer_310,train
signer_311,train
signer_312,train
signer_313,train
signer_314,train
signer_315,train
signer_316,train
signer_317,train
signer_318,train
signer_319,train
signer_320,train
signer_321,train
signer_322,train
signer_323,train
signer_324,train
signer_325,train
signer_326,train
signer_327,train
signer_328,train
signer_329,train
signer_330,train
signer_331,train
signer_332,train
signer_333,train
signer_334,train
signer_335,train
signer_336,train
signer_337,train
signer_338,train
signer_339,train
signer_340,train
signer_341,train
signer_342,train
signer_343,train
signer_344,train
signer_345,train
signer_346,train
signer_347,train
signer_348,train
signer_349,train
signer_350,train
signer_351,train
signer_352,train
signer_353,train
signer_354,train
signer_355,train
signer_356,train
signer_357,train
signer_358,train
signer_359,train
signer_360,train
signer_361,train
signer_362,train
signer_363,train
signer_364,train
signer_365,train
signer_366,train
signer_367,train
signer_368,train
signer_369,train
signer_370,train
signer_371,train
signer_372,train
signer_373,train
signer_374,train
signer_375,train
signer_376,train
signer_377,train
signer_378,train
signer_379,train
signer_380,train
signer_381,train
signer_382,train
signer_383,train
signer_384,train
signer_385,train
signer_386,train
signer_387,train
signer_388,train
signer_389,train
signer_390,train
signer_391,train
signer_392,train
signer_393,train
signer_394,train
signer_395,train
signer_396,train
signer_397,train
signer_398,train
signer_399,train
signer_400,train
signer_401,train
signer_402,train
signer_403,train
signer_404,train
signer_405,train
signer_406,train
signer_407,train
signer_408,train
signer_409,train
signer_410,train
signer_411,train
signer_412,train
signer_413,train
signer_414,train
signer_415,train
signer_416,train
signer_417,train
signer_418,train
signer_419,dev
signer_420,dev
signer_421,dev
signer_422,dev
signer_423,dev
signer_424,dev
signer_425,dev
signer_426,dev
signer_427,dev
signer_428,dev
signer_429,dev
signer_430,dev
signer_431,dev
signer_432,dev
signer_433,dev
signer_434,dev
signer_435,dev
signer_436,dev
signer_437,dev
signer_438,dev
signer_439,dev
signer_440,dev
signer_441,dev
signer_442,dev
signer_443,dev
signer_444,dev
signer_445,dev
signer_446,dev
signer_447,dev
signer_448,dev
signer_449,dev
signer_450,dev
signer_451,dev
signer_452,dev
signer_453,dev
signer_454,dev
signer_455,dev
signer_456,dev
signer_457,dev
signer_458,dev
signer_459,dev
signer_460,dev
signer_461,dev
signer_462,dev
signer_463,dev
signer_464,dev
signer_465,dev
signer_466,dev
signer_467,dev
signer_468,dev
signer_469,dev
signer_470,dev
signer_471,test
signer_472,test
signer_473,test
signer_474,test
signer_475,test
signer_476,test
signer_477,test
signer_478,test
signer_479,test
signer_480,test
signer_481,test
signer_482,test
signer_483,test
signer_484,test
signer_485,test
signer_486,test
signer_487,test
signer_488,test
signer_489,test
signer_490,test
signer_491,test
signer_492,test
signer_493,test
signer_494,test
signer_495,test
signer_496,test
signer_497,test
signer_498,test
signer_499,test
signer_500,test
signer_501,test
signer_502,test
signer_503,test
signer_504,test
signer_505,test
signer_506,test
signer_507,test
signer_508,test
signer_509,test
signer_510,test
signer_511,test
signer_512,test
signer_513,test
signer_514,test
signer_515,test
signer_516,test
signer_517,test
signer_518,test
signer_519,test
signer_520,test
signer_521,test
signer_522,test
